Company,Industry,Phone,Email,Website,Rating,Priority
Bleu Dentistry,dental,(214) 699-4976,info@bleudentist.com,https://www.bleudentist.com/,4.5,medium
Ideal Dental Uptown,dental,(214) 522-4444,splide@4.1.4,https://www.myidealdental.com/uptown/?utm_source=organic&utm_medium=soci&utm_campaign=websiteurl,4.4,low
Luxe Dental,dental,(214) 416-9931,luxedentalvp@gmail.com,http://www.luxedentaldallas.com/,4.5,medium
Ideal Dental Fort Worth,dental,(817) 337-0021,splide@4.1.4,https://www.myidealdental.com/fort-worth/?utm_source=organic&utm_medium=soci&utm_campaign=websiteurl,4.4,low
House of Dear,salon,(214) 397-0700,careers@houseofdearhairsalon.com,https://houseofdearhairsalon.com/,4.5,medium
Pressed Roots,salon,(978) 707-9545,customerservice@pressedroots.com,https://pressedroots.com/,4.5,medium
Blondtourage Salon,salon,(214) 758-0858,info@blondtouragesalon.com,https://blondtouragesalon.com/,4.5,medium
Hinga's Automotive Co,auto,(214) 827-1593,react@18.3.1,http://www.hingasauto.com/,4.4,low
Ross Auto & Tire Shop,auto,(214) 826-4158,info@rossautotireshop.com,https://rossautotireshop.com/,4.4,low
Alternative Motorcars auto care center,auto,(214) 443-7911,cs@mechanicaroundme.com,https://mechanicaroundme.com/,4.5,medium
Skillman AutoCare,auto,(214) 823-3544,cccweb@chevron.com,http://www.texaco.com/,4.5,medium
Highlands Auto Center,auto,(972) 233-8882,ico-arrow-down@2x.png,https://www.highlandsautocenterdallas.com/,4.5,medium
On the Road Garage,auto,(469) 923-0255,venobox@2.1.6,http://ontheroadgarage.com/,4.5,medium
Rick & Ray's Auto Plaza,auto,(817) 859-9651,flags@2x.webp,https://rickandraysautoplaza.com/?utm_source=Google+Business+Profile&utm_medium=organic&utm_campaign=Google+Business+Profile,4.5,medium
Family Auto Repair,auto,(817) 923-2811,react@18.3.1,https://jamesautocare.wixsite.com/website,4.4,low
Mechanics are us,auto,(817) 479-9916,fancybox@3.5.7,http://www.autohailpros.com/,4.4,low
Community Auto Repair Complete Auto Care,auto,(972) 517-0093,mohamadmohamed979@gmail.com,https://www.communityautoplano.com/,4.5,medium
Samâ€™s Auto Care,auto,(972) 801-5922,react@18.3.1,https://www.samsautoplano.com/,4.5,medium
Tidwell Auto Service,auto,(972) 612-1963,ico-arrow-down@2x.png,https://tidwellautoservice.com/,4.5,medium
Take 5 Oil Change,auto,(682) 999-8798,take5.shop501@take5oilchange.com,https://www.take5.com/locations/oil-change/texas/arlington/30501/?utm_source=google&utm_medium=organic&utm_campaign=gbp_website,4.2,low
Take 5 Oil Change,auto,(682) 238-1069,take5.shop502@take5oilchange.com,https://www.take5.com/locations/oil-change/texas/arlington/30502/?utm_source=google&utm_medium=organic&utm_campaign=gbp_website,4.3,low
Valvoline Instant Oil Change,auto,(817) 563-1956,formsubmission@vioc.com,https://store.vioc.com/tx/arlington/4801-w--sublett-road?utm_source=google&utm_medium=local&utm_campaign=localsearch,4.3,low
Valvoline Instant Oil Change,auto,(817) 200-8402,formsubmission@vioc.com,https://store.vioc.com/tx/arlington/8125-matlock-rd?utm_source=google&utm_medium=local&utm_campaign=localsearch,4.4,low
Take 5 Oil Change,auto,(682) 206-0796,take5.shop925@take5oilchange.com,https://www.take5.com/locations/oil-change/texas/pantego/30925/?utm_source=google&utm_medium=organic&utm_campaign=gbp_website,4.1,low
Just7 Lube & Auto Service,auto,(817) 419-9100,info@just7.us,http://just7.us/,3.9,low
Guaranteed Tire & Auto Service,auto,(817) 265-9896,tireguaranteed@gmail.com,https://guaranteedtireauto.com/,4.5,medium
Pep Boys Auto Service & Tires,auto,(817) 725-8569,contactus@pepboys.com,https://www.pepboys.com/stores/tx/arlington/1212-n-collins-st?Cid=gbp_appt_AN:PB%7CPB:G%7CTT:GBP%7CCG:CONVERSION%7CCD:SERVICE,3.7,low
Take 5 Oil Change,auto,(682) 738-4532,take5.shop510@take5oilchange.com,https://www.take5.com/locations/oil-change/texas/bedford/30510/?utm_source=google&utm_medium=organic&utm_campaign=gbp_website,4.2,low
